amt,city_pop,unix_time,is_fraud,hour,month,distance_cardholder_merchant,age,is_weekend,is_night,velocity_1h,velocity_24h,amount_velocity_1h,category_encoded,gender_encoded,day_of_week_encoded,probability,prediction,classification,risk_level,correct
120.1,83,1383716398,0,5,11,127.06731226838784,62,0,1,1.0,1.0,120.1,4,1,4,1.4030576e-06,0,NORMAL,LOW,True
54.68,83,1383977241,0,6,11,111.22564800140124,62,0,0,1.0,1.0,54.68,3,1,0,7.5979146e-06,0,NORMAL,LOW,True
3.52,83,1384038331,0,23,11,96.01067602938797,62,0,1,1.0,2.0,3.52,0,1,0,0.00013155398,0,NORMAL,LOW,True
101.11,83,1384110659,0,19,11,52.916549958296336,62,0,0,1.0,2.0,101.11,6,1,1,5.333164e-06,0,NORMAL,LOW,True
149.91,83,1384390429,0,0,11,68.07654521347726,62,1,1,1.0,1.0,149.91,4,1,5,8.625566e-06,0,NORMAL,LOW,True
145.67,83,1384464495,0,21,11,46.65500368291626,62,1,0,1.0,2.0,145.67,6,1,5,5.3991744e-06,0,NORMAL,LOW,True
4.41,83,1384476466,0,0,11,73.68096043421286,62,1,1,1.0,3.0,4.41,9,1,6,1.2137718e-06,0,NORMAL,LOW,True
44.99,83,1384480004,0,1,11,84.11340537153153,62,1,1,2.0,3.0,49.400000000000006,11,1,6,6.885365e-06,0,NORMAL,LOW,True
37.82,83,1384587996,0,7,11,87.6349302614023,62,0,0,1.0,1.0,37.82,11,1,0,1.3410228e-06,0,NORMAL,LOW,True
96.45,83,1384863819,0,12,11,94.43268839243542,62,0,0,1.0,1.0,96.45,10,1,3,5.067425e-06,0,NORMAL,LOW,True
6.07,83,1384933005,0,7,11,86.76692350684935,62,0,0,1.0,2.0,6.07,11,1,4,1.3577273e-06,0,NORMAL,LOW,True
6.74,83,1385117063,0,10,11,24.63285131568905,62,1,0,1.0,1.0,6.74,12,1,6,4.2878896e-06,0,NORMAL,LOW,True
56.68,83,1385201717,0,10,11,56.16369029114418,62,0,0,1.0,2.0,56.68,3,1,0,8.335937e-06,0,NORMAL,LOW,True
1.3,83,1385267034,0,4,11,75.9456315375271,62,0,1,1.0,2.0,1.3,12,1,1,2.3798038e-06,0,NORMAL,LOW,True
53.45,83,1385284462,0,9,11,52.61803686673048,62,0,0,1.0,3.0,53.45,2,1,1,4.682788e-06,0,NORMAL,LOW,True
5.0,83,1385319091,0,18,11,71.77338395296208,62,0,0,1.0,3.0,5.0,6,1,1,4.065586e-06,0,NORMAL,LOW,True
322.22,83,1385702122,0,5,11,59.74848492529403,62,1,1,1.0,1.0,322.22,9,1,6,1.0050833e-05,0,NORMAL,LOW,True
56.18,83,1385790661,0,5,11,82.94992766656274,62,0,1,1.0,1.0,56.18,2,1,0,9.2006127e-07,0,NORMAL,LOW,True
8.06,83,1385795655,0,7,11,127.75178705062622,62,0,0,1.0,2.0,8.06,8,1,0,6.5956956e-06,0,NORMAL,LOW,True
33.5,83,1385835520,0,18,11,55.4417471505977,62,0,0,1.0,3.0,33.5,0,1,0,3.4568625e-06,0,NORMAL,LOW,True
41.9,83,1385923562,0,18,12,98.96527811130862,62,0,0,1.0,1.0,41.9,6,1,1,2.6527034e-06,0,NORMAL,LOW,True
16.88,83,1385931641,0,21,12,39.50445601115581,62,0,0,1.0,2.0,16.88,10,1,1,5.5835008e-05,0,NORMAL,LOW,True
10.1,83,1386098376,0,19,12,55.67056646877304,62,0,0,1.0,1.0,10.1,0,1,3,2.9350647e-06,0,NORMAL,LOW,True
31.03,83,1386155770,0,11,12,71.43475295255676,62,0,0,1.0,2.0,31.03,8,1,4,5.0704075e-06,0,NORMAL,LOW,True
6.05,83,1386332609,0,12,12,73.42003863345222,62,1,0,1.0,1.0,6.05,0,1,6,9.671937e-06,0,NORMAL,LOW,True
16.6,83,1386428780,0,15,12,87.62196475141069,62,0,0,1.0,1.0,16.6,1,1,0,8.083292e-06,0,NORMAL,LOW,True
174.52,83,1386494085,0,9,12,104.72914717502788,62,0,0,1.0,2.0,174.52,4,1,1,8.7491735e-06,0,NORMAL,LOW,True
20.49,83,1386512800,0,14,12,113.8529864622936,62,0,0,1.0,3.0,20.49,6,1,1,4.8609338e-05,0,NORMAL,LOW,True
52.97,83,1386535457,0,20,12,119.39281290783197,62,0,0,1.0,3.0,52.97,5,1,1,3.4052102e-06,0,NORMAL,LOW,True
49.44,83,1386543310,0,22,12,92.1352336616055,62,0,1,1.0,4.0,49.44,0,1,1,3.1149495e-05,0,NORMAL,LOW,True
3.55,83,1386549863,0,0,12,73.89225268076196,62,0,1,1.0,5.0,3.55,12,1,2,2.4974709e-06,0,NORMAL,LOW,True
33.59,83,1386723151,0,0,12,66.78000642433196,62,0,1,1.0,1.0,33.59,11,1,4,2.7583565e-06,0,NORMAL,LOW,True
5.09,83,1386723335,0,0,12,86.36865367050844,62,0,1,2.0,2.0,38.68000000000001,12,1,4,8.828531e-06,0,NORMAL,LOW,True
7.19,83,1386729205,0,2,12,125.68055237563009,62,0,1,1.0,3.0,7.19,8,1,4,7.3489778e-06,0,NORMAL,LOW,True
16.76,83,1386756829,0,10,12,66.34068833745597,62,0,0,1.0,4.0,16.76,12,1,4,2.1209751e-05,0,NORMAL,LOW,True
17.46,83,1386767884,0,13,12,127.51122987112942,62,0,0,1.0,5.0,17.46,6,1,4,0.00014632576,0,NORMAL,LOW,True
8.06,83,1386913552,0,5,12,80.31713222404095,62,1,1,1.0,1.0,8.06,11,1,6,8.171575e-07,0,NORMAL,LOW,True
1.85,83,1386967216,0,20,12,99.12030852611376,62,1,0,1.0,2.0,1.85,7,1,6,0.00036256222,0,NORMAL,LOW,True
113.69,83,1387017281,0,10,12,89.87511000259593,62,0,0,1.0,2.0,113.69,4,1,0,5.0947788e-06,0,NORMAL,LOW,True
32.74,83,1387043799,0,17,12,42.11958358929156,62,0,0,1.0,3.0,32.74,0,1,0,3.7569066e-06,0,NORMAL,LOW,True
7.97,83,1387146110,0,22,12,118.39255022725467,62,0,1,1.0,1.0,7.97,13,1,1,0.00013324418,0,NORMAL,LOW,True
19.17,83,1387185380,0,9,12,103.54964240746467,62,0,0,1.0,2.0,19.17,11,1,2,2.7627873e-06,0,NORMAL,LOW,True
1.17,83,1387228530,0,21,12,29.3527295097512,62,0,0,1.0,3.0,1.17,13,1,2,8.181589e-05,0,NORMAL,LOW,True
87.1,83,1387279636,0,11,12,61.93729635780075,62,0,0,1.0,2.0,87.1,2,1,3,1.1623964e-06,0,NORMAL,LOW,True
35.87,83,1387304025,0,18,12,112.89395029824486,62,0,0,1.0,3.0,35.87,0,1,3,1.823637e-06,0,NORMAL,LOW,True
5.48,83,1387312440,0,20,12,68.24174504111917,62,0,0,1.0,4.0,5.48,13,1,3,4.970496e-05,0,NORMAL,LOW,True
5.89,83,1387344431,0,5,12,40.79240134675575,62,0,1,1.0,4.0,5.89,11,1,4,3.6280085e-06,0,NORMAL,LOW,True
24.68,83,1387377375,0,14,12,55.60026602278438,62,0,0,1.0,4.0,24.68,10,1,4,0.000116668765,0,NORMAL,LOW,True
48.19,83,1387490906,0,22,12,120.15822636221289,62,1,1,1.0,1.0,48.19,10,1,5,0.027114635,0,NORMAL,LOW,True
14.03,83,1387492227,0,22,12,96.36124386337582,62,1,1,2.0,2.0,62.22,0,1,5,2.004854e-05,0,NORMAL,LOW,True
2.52,83,1387541217,0,12,12,34.45027074433231,62,1,0,1.0,3.0,2.52,10,1,6,6.795939e-06,0,NORMAL,LOW,True
10.64,83,1387564572,0,18,12,45.00411126411409,62,1,0,1.0,4.0,10.64,6,1,6,1.2137558e-05,0,NORMAL,LOW,True
46.94,83,1387604111,0,5,12,91.02694969657456,62,0,1,1.0,3.0,46.94,2,1,0,4.2044812e-06,0,NORMAL,LOW,True
48.09,83,1387605199,0,5,12,87.22444907379563,62,0,1,2.0,4.0,95.03,2,1,0,3.2582302e-06,0,NORMAL,LOW,True
134.27,83,1387670575,0,0,12,78.65079684808406,62,0,1,1.0,3.0,134.27,4,1,1,3.842406e-06,0,NORMAL,LOW,True
48.85,83,1387699126,0,7,12,87.09266072177711,62,0,0,1.0,2.0,48.85,11,1,1,1.9228157e-05,0,NORMAL,LOW,True
84.91,83,1387904663,0,17,12,71.48135369639351,62,0,0,1.0,1.0,84.91,6,1,3,1.089636e-06,0,NORMAL,LOW,True
247.73,83,1387923350,0,22,12,16.212521381966877,62,0,1,1.0,2.0,247.73,6,1,3,0.00996492,0,NORMAL,LOW,True
12.46,83,1387928655,0,23,12,43.06729668091153,62,0,1,1.0,3.0,12.46,7,1,3,0.0003421013,0,NORMAL,LOW,True
64.81,83,1387932256,0,0,12,61.744337284051184,62,0,1,1.0,4.0,64.81,2,1,4,3.831633e-06,0,NORMAL,LOW,True
4.28,83,1388105938,0,0,12,53.2597093904775,62,1,1,1.0,1.0,4.28,12,1,6,2.07135e-06,0,NORMAL,LOW,True
60.74,83,1388123784,0,5,12,55.47388856946135,62,1,1,1.0,2.0,60.74,2,1,6,1.7745017e-06,0,NORMAL,LOW,True
7.22,83,1388125467,0,6,12,72.55398450559585,62,1,0,2.0,3.0,67.96000000000001,11,1,6,2.217923e-06,0,NORMAL,LOW,True
1.16,83,1388135392,0,9,12,67.02214867595984,62,1,0,1.0,4.0,1.16,8,1,6,2.0194327e-06,0,NORMAL,LOW,True
7.19,83,1388194656,0,1,12,47.8525577386713,62,0,1,1.0,4.0,7.19,9,1,0,3.916571e-05,0,NORMAL,LOW,True
1.13,83,1388194961,0,1,12,120.45155724879147,62,0,1,2.0,5.0,8.32,12,1,0,6.293869e-06,0,NORMAL,LOW,True
130.08,83,1388210686,0,6,12,117.88439488752358,62,0,0,1.0,5.0,130.08,11,1,0,1.2803747e-06,0,NORMAL,LOW,True
3.95,83,1388222647,0,9,12,53.121268781944536,62,0,0,1.0,4.0,3.95,11,1,0,1.0025177e-06,0,NORMAL,LOW,True
17.46,83,1388236022,0,13,12,108.59810299969868,62,0,0,1.0,5.0,17.46,10,1,0,0.0004566579,0,NORMAL,LOW,True
28.06,83,1388247364,0,16,12,63.5544697313564,62,0,0,1.0,6.0,28.06,6,1,0,6.892901e-06,0,NORMAL,LOW,True
172.12,83,1388251269,0,17,12,105.699531937638,62,0,0,1.0,7.0,172.12,7,1,0,4.7826356e-06,0,NORMAL,LOW,True
59.72,83,1388303973,0,7,12,44.17374697258058,62,0,0,1.0,5.0,59.72,2,1,1,9.4439923e-07,0,NORMAL,LOW,True
143.98,83,1388393409,0,8,12,98.60143767988076,62,0,0,1.0,1.0,143.98,4,1,2,3.8135947e-06,0,NORMAL,LOW,True
23.13,83,1388424015,0,17,12,97.686705042078,62,0,0,1.0,2.0,23.13,7,1,2,1.4923843e-05,0,NORMAL,LOW,True
121.1,83,1388454480,0,1,12,70.09760475566232,62,0,1,1.0,3.0,121.1,4,1,3,4.687757e-06,0,NORMAL,LOW,True
98.38,2142,1371864522,0,1,6,88.27283681442555,44,0,1,1.0,1.0,98.38,11,1,0,7.2827543e-06,0,NORMAL,LOW,True
44.82,2142,1371924086,0,18,6,74.8905799284206,44,0,0,1.0,2.0,44.82,7,1,0,2.3840426e-05,0,NORMAL,LOW,True
72.14,2142,1371949957,0,1,6,90.98388746719004,44,0,1,1.0,3.0,72.14,2,1,1,6.1105743e-06,0,NORMAL,LOW,True
77.02,2142,1371960293,0,4,6,122.32849120482994,44,0,1,1.0,3.0,77.02,4,1,1,1.6024534e-06,0,NORMAL,LOW,True
105.14,2142,1371963574,0,4,6,60.8904585258468,44,0,1,2.0,4.0,182.16,4,1,1,3.0741292e-06,0,NORMAL,LOW,True
89.09,2142,1372065022,0,9,6,71.30651916954213,44,0,0,1.0,1.0,89.09,4,1,2,1.6266719e-06,0,NORMAL,LOW,True
119.21,2142,1372067463,0,9,6,100.27065967477978,44,0,0,2.0,2.0,208.3,12,1,2,3.0684e-06,0,NORMAL,LOW,True
77.44,2142,1372187851,0,19,6,77.86577561511318,44,0,0,1.0,1.0,77.44,6,1,3,9.883975e-07,0,NORMAL,LOW,True
139.78,2142,1372328111,0,10,6,117.15565950445298,44,1,0,1.0,1.0,139.78,12,1,5,2.5485e-06,0,NORMAL,LOW,True
52.3,2142,1372369342,0,21,6,95.01813247528128,44,1,0,1.0,2.0,52.3,1,1,5,4.349785e-06,0,NORMAL,LOW,True
76.52,2142,1372599087,0,13,6,93.81156808465305,44,0,0,1.0,1.0,76.52,5,1,1,3.6734884e-06,0,NORMAL,LOW,True
592.9,2142,1372604668,0,15,6,36.535931715729966,44,0,0,1.0,2.0,592.9,13,1,1,0.00025431978,0,NORMAL,LOW,True
142.7,2142,1372646247,0,2,7,29.298520099747325,44,0,1,1.0,3.0,142.7,12,1,2,2.0103795e-05,0,NORMAL,LOW,True
79.23,2142,1372679064,0,11,7,112.53562344921956,44,0,0,1.0,4.0,79.23,11,1,2,5.0192853e-06,0,NORMAL,LOW,True
70.35,2142,1372857413,0,13,7,131.3418315380523,44,0,0,1.0,1.0,70.35,0,1,4,6.964102e-07,0,NORMAL,LOW,True
76.53,2142,1372894407,0,23,7,96.51845600662853,44,0,1,1.0,2.0,76.53,6,1,4,9.338861e-06,0,NORMAL,LOW,True
103.91,2142,1372901163,0,1,7,58.91539876163325,44,1,1,1.0,3.0,103.91,4,1,5,1.910631e-05,0,NORMAL,LOW,True
45.02,2142,1373130716,0,17,7,94.08350429740784,44,0,0,1.0,1.0,45.02,7,1,0,3.257931e-05,0,NORMAL,LOW,True
49.47,2142,1373232692,0,21,7,43.536443429255726,44,0,0,1.0,1.0,49.47,7,1,1,1.1025172e-05,0,NORMAL,LOW,True
81.34,2142,1373342702,0,4,7,67.70037276951032,44,0,1,1.0,1.0,81.34,4,1,3,1.7810902e-06,0,NORMAL,LOW,True
42.7,2142,1373361055,0,9,7,91.83633269644676,44,0,0,1.0,2.0,42.7,9,1,3,4.190391e-06,0,NORMAL,LOW,True
76.76,2142,1373395677,0,18,7,82.61104526946598,44,0,0,1.0,3.0,76.76,5,1,3,6.4874666e-06,0,NORMAL,LOW,True
88.22,2142,1373427689,0,3,7,82.96999058846914,44,0,1,1.0,4.0,88.22,4,1,4,5.472605e-06,0,NORMAL,LOW,True
105.67,2142,1373509326,0,2,7,86.39525091800918,44,1,1,1.0,2.0,105.67,4,1,5,1.6083974e-05,0,NORMAL,LOW,True
65.87,2142,1373576386,0,20,7,66.94202455176429,44,1,0,1.0,2.0,65.87,0,1,5,1.3642456e-06,0,NORMAL,LOW,True
62.56,2142,1373576659,0,21,7,113.59406186463973,44,1,0,2.0,3.0,128.43,1,1,5,1.855725e-05,0,NORMAL,LOW,True
45.59,2142,1373645727,0,16,7,97.42079550809775,44,1,0,1.0,3.0,45.59,7,1,6,0.00025007132,0,NORMAL,LOW,True
103.49,2142,1373690640,0,4,7,41.18361297731492,44,0,1,1.0,2.0,103.49,4,1,0,6.7924593e-06,0,NORMAL,LOW,True
92.69,2142,1373707225,0,9,7,97.68460235495242,44,0,0,1.0,3.0,92.69,11,1,0,1.1338191e-05,0,NORMAL,LOW,True
67.56,2142,1373901386,0,15,7,102.63818641551858,44,0,0,1.0,1.0,67.56,6,1,2,3.5420637e-06,0,NORMAL,LOW,True
32.68,2142,1374051849,0,9,7,74.64828903360394,44,0,0,1.0,1.0,32.68,9,1,4,2.716548e-06,0,NORMAL,LOW,True
38.34,2142,1374057704,0,10,7,63.30611835994399,44,0,0,1.0,2.0,38.34,9,1,4,5.9769363e-06,0,NORMAL,LOW,True
74.96,2142,1374075098,0,15,7,89.35495949787277,44,0,0,1.0,3.0,74.96,5,1,4,5.790246e-06,0,NORMAL,LOW,True
50.03,2142,1374179930,0,20,7,83.55852881148523,44,1,0,1.0,1.0,50.03,7,1,5,9.28524e-06,0,NORMAL,LOW,True
88.25,2142,1374282234,0,1,7,105.61108940190218,44,0,1,1.0,1.0,88.25,4,1,0,1.7336472e-05,0,NORMAL,LOW,True
50.33,2142,1374290723,0,3,7,55.83293618519605,44,0,1,1.0,2.0,50.33,3,1,0,6.8002075e-05,0,NORMAL,LOW,True
72.22,2142,1374361258,0,23,7,85.68040324837017,44,0,1,1.0,3.0,72.22,10,1,0,8.5403815e-05,0,NORMAL,LOW,True
57.58,2142,1374421138,0,15,7,95.54011530761072,44,0,0,1.0,2.0,57.58,7,1,1,8.619325e-06,0,NORMAL,LOW,True
31.83,2142,1374470247,0,5,7,15.935570814913715,44,0,1,1.0,2.0,31.83,9,1,2,9.048145e-06,0,NORMAL,LOW,True
66.88,2142,1374502298,0,14,7,25.001461608065284,44,0,0,1.0,3.0,66.88,0,1,2,5.3102194e-06,0,NORMAL,LOW,True
87.63,2142,1374545629,0,2,7,25.911768803653157,44,0,1,1.0,3.0,87.63,11,1,3,9.079669e-06,0,NORMAL,LOW,True
77.73,2142,1374602873,0,18,7,100.5162832019214,44,0,0,1.0,2.0,77.73,5,1,3,4.284705e-06,0,NORMAL,LOW,True
85.49,2142,1374680671,0,15,7,39.64039019725084,44,0,0,1.0,2.0,85.49,0,1,4,2.300217e-06,0,NORMAL,LOW,True
75.2,2142,1374785600,0,20,7,43.88395054109805,44,1,0,1.0,1.0,75.2,5,1,5,5.2721975e-06,0,NORMAL,LOW,True
33.56,2142,1374807813,0,3,7,79.77342288051625,44,1,1,1.0,2.0,33.56,9,1,6,1.9765468e-05,0,NORMAL,LOW,True
96.49,2142,1374815480,0,5,7,57.78595779839837,44,1,1,1.0,3.0,96.49,4,1,6,5.2100545e-06,0,NORMAL,LOW,True
50.64,2142,1374822230,0,7,7,115.67274238412188,44,1,0,1.0,4.0,50.64,3,1,6,2.9585492e-05,0,NORMAL,LOW,True
75.88,2142,1374841054,0,12,7,66.38097965043742,44,1,0,1.0,5.0,75.88,5,1,6,1.534796e-05,0,NORMAL,LOW,True
91.84,2142,1374931247,0,13,7,111.14526663689064,44,0,0,1.0,1.0,91.84,6,1,0,7.696117e-06,0,NORMAL,LOW,True
60.28,2142,1374950384,0,18,7,49.85497401456955,44,0,0,1.0,2.0,60.28,1,1,0,3.2068017e-06,0,NORMAL,LOW,True
65.74,2142,1375018506,0,13,7,51.93566655092592,44,0,0,1.0,2.0,65.74,1,1,1,9.1773364e-07,0,NORMAL,LOW,True
63.82,2142,1375314754,0,23,7,57.92056554374589,44,0,1,1.0,1.0,63.82,6,1,4,7.609038e-06,0,NORMAL,LOW,True
89.93,2142,1375574776,0,0,8,94.96236935607672,44,0,1,1.0,1.0,89.93,11,1,1,5.2011037e-06,0,NORMAL,LOW,True
91.92,2142,1375589943,0,4,8,132.84010780381226,44,0,1,1.0,2.0,91.92,11,1,1,2.1194555e-06,0,NORMAL,LOW,True
82.1,2142,1375666048,0,1,8,113.98094913964763,44,0,1,1.0,2.0,82.1,2,1,2,1.4679967e-05,0,NORMAL,LOW,True
133.51,2142,1375698309,0,10,8,126.86214389903633,44,0,0,1.0,2.0,133.51,12,1,2,2.986393e-06,0,NORMAL,LOW,True
93.52,2142,1375744099,0,23,8,39.326419646621936,44,0,1,1.0,3.0,93.52,6,1,2,6.125212e-05,0,NORMAL,LOW,True
51.5,2142,1375888440,0,15,8,65.86791764553743,44,0,0,1.0,1.0,51.5,1,1,4,1.091175e-06,0,NORMAL,LOW,True
81.96,2142,1375936124,0,4,8,72.24714003438163,44,1,1,1.0,2.0,81.96,11,1,5,2.695513e-06,0,NORMAL,LOW,True
460.75,2142,1375991196,0,19,8,84.0371242290795,44,1,0,1.0,2.0,460.75,13,1,5,4.526567e-05,0,NORMAL,LOW,True
76.85,2142,1375998730,0,21,8,55.86652281089198,44,1,0,1.0,3.0,76.85,5,1,5,2.2838101e-05,0,NORMAL,LOW,True
37.82,2142,1376049448,0,11,8,52.477623443598645,44,1,0,1.0,3.0,37.82,9,1,6,3.1048956e-05,0,NORMAL,LOW,True
124.52,2142,1376182895,0,1,8,100.23963297562464,44,0,1,1.0,1.0,124.52,12,1,1,1.148697e-05,0,NORMAL,LOW,True
98.56,2142,1376217328,0,10,8,40.77859502269681,44,0,0,1.0,2.0,98.56,4,1,1,3.0068318e-06,0,NORMAL,LOW,True
52.51,2142,1376253084,0,20,8,130.32146032310914,44,0,0,1.0,3.0,52.51,1,1,1,2.0262328e-06,0,NORMAL,LOW,True
131.3,2142,1376327513,0,17,8,54.99787907167858,44,0,0,1.0,2.0,131.3,12,1,2,9.267432e-06,0,NORMAL,LOW,True
140.36,2142,1376353622,0,0,8,13.546378158845569,44,0,1,1.0,2.0,140.36,12,1,3,2.3849181e-05,0,NORMAL,LOW,True
32.57,2142,1376463036,0,6,8,106.6991167642285,44,0,0,1.0,1.0,32.57,9,1,4,3.7815619e-06,0,NORMAL,LOW,True
48.71,2142,1376465941,0,7,8,74.76714647355384,44,0,0,2.0,2.0,81.28,3,1,4,1.8814965e-06,0,NORMAL,LOW,True
75.46,2142,1376592512,0,18,8,84.82358310305582,44,1,0,1.0,1.0,75.46,5,1,5,4.5036263e-06,0,NORMAL,LOW,True
70.88,2142,1376628112,0,4,8,34.848397506351084,44,1,1,1.0,2.0,70.88,2,1,6,2.2077977e-06,0,NORMAL,LOW,True
45.77,2142,1376663966,0,14,8,88.86284705223305,44,1,0,1.0,3.0,45.77,7,1,6,8.984273e-05,0,NORMAL,LOW,True
84.11,2142,1376664451,0,14,8,58.07461046470293,44,1,0,2.0,4.0,129.88,6,1,6,8.760137e-06,0,NORMAL,LOW,True
66.39,2142,1376841946,0,16,8,77.87563625527163,44,0,0,1.0,1.0,66.39,10,1,1,1.8085207e-06,0,NORMAL,LOW,True
51.82,2142,1376911303,0,11,8,26.431947805426745,44,0,0,1.0,2.0,51.82,3,1,2,1.4530337e-05,0,NORMAL,LOW,True
33.19,2142,1376987460,0,8,8,100.8064635814202,44,0,0,1.0,2.0,33.19,9,1,3,3.682436e-06,0,NORMAL,LOW,True
75.55,2142,1377360191,0,16,8,77.91641330675739,44,0,0,1.0,1.0,75.55,5,1,0,2.9232567e-06,0,NORMAL,LOW,True
106.26,2142,1377389307,0,0,8,94.2863395500733,44,0,1,1.0,2.0,106.26,4,1,1,1.3306998e-05,0,NORMAL,LOW,True
105.35,2142,1377406638,0,4,8,86.18192310742738,44,0,1,1.0,3.0,105.35,4,1,1,2.0145508e-06,0,NORMAL,LOW,True
72.53,2142,1377559345,0,23,8,94.84860243127204,44,0,1,1.0,1.0,72.53,6,1,2,9.1427955e-06,0,NORMAL,LOW,True
49.03,2142,1377565015,0,0,8,77.90307070689748,44,0,1,1.0,2.0,49.03,9,1,3,2.5896285e-05,0,NORMAL,LOW,True
75.98,2142,1377700627,0,14,8,70.68771487608358,44,0,0,1.0,1.0,75.98,5,1,4,1.4569607e-06,0,NORMAL,LOW,True
581.61,2142,1377815263,0,22,8,41.740529574952056,44,1,1,1.0,1.0,581.61,13,1,5,0.00035668217,0,NORMAL,LOW,True
36.58,2142,1377912448,0,1,8,71.41828465502384,44,0,1,1.0,1.0,36.58,9,1,0,2.2455473e-05,0,NORMAL,LOW,True
94.59,2142,1377920162,0,3,8,70.7016520030684,44,0,1,1.0,2.0,94.59,4,1,0,1.747049e-05,0,NORMAL,LOW,True
43.46,2142,1377996092,0,0,9,130.45770637856333,44,0,1,1.0,3.0,43.46,9,1,1,1.7514163e-05,0,NORMAL,LOW,True
91.17,2142,1378005174,0,3,9,61.64105148925957,44,0,1,1.0,3.0,91.17,11,1,1,1.0133585e-05,0,NORMAL,LOW,True
79.16,2142,1378159369,0,22,9,106.36876588356782,44,0,1,1.0,1.0,79.16,0,1,2,8.648538e-06,0,NORMAL,LOW,True
58.92,2142,1378413050,0,20,9,55.95909522121661,44,1,0,1.0,1.0,58.92,7,1,5,7.869057e-06,0,NORMAL,LOW,True
90.87,2142,1378476880,0,14,9,32.02599690029016,44,1,0,1.0,2.0,90.87,6,1,6,1.1240745e-05,0,NORMAL,LOW,True
76.73,2142,1378643670,0,12,9,103.40779627221782,44,0,0,1.0,1.0,76.73,5,1,1,9.272816e-06,0,NORMAL,LOW,True
75.45,2142,1378756091,0,19,9,82.92766622498958,44,0,0,1.0,1.0,75.45,5,1,2,6.8332943e-06,0,NORMAL,LOW,True
141.57,2142,1378791386,0,5,9,109.54275742558364,44,0,1,1.0,2.0,141.57,12,1,3,9.035021e-06,0,NORMAL,LOW,True
37.71,2142,1378859425,0,0,9,115.0055074925491,44,0,1,1.0,2.0,37.71,9,1,4,3.851505e-05,0,NORMAL,LOW,True
30.57,2142,1378862197,0,1,9,88.34893077560761,44,0,1,2.0,3.0,68.28,9,1,4,5.659089e-06,0,NORMAL,LOW,True
41.27,2142,1378873956,0,4,9,109.8378275155818,44,0,1,1.0,4.0,41.27,9,1,4,1.157235e-05,0,NORMAL,LOW,True
50.97,2142,1379105143,0,20,9,106.0505121828912,44,1,0,1.0,1.0,50.97,7,1,6,1.7772787e-05,0,NORMAL,LOW,True
74.42,2142,1379364563,0,20,9,39.18431862952192,44,0,0,1.0,1.0,74.42,5,1,2,1.0274384e-05,0,NORMAL,LOW,True
75.48,2142,1379383468,0,2,9,83.00789464535637,44,0,1,1.0,2.0,75.48,2,1,3,1.850517e-05,0,NORMAL,LOW,True
118.73,2142,1379405839,0,8,9,20.203359345119978,44,0,0,1.0,3.0,118.73,4,1,3,8.37898e-05,0,NORMAL,LOW,True
81.15,2142,1379602542,0,14,9,60.05016835437552,44,1,0,1.0,1.0,81.15,6,1,5,3.0913484e-06,0,NORMAL,LOW,True
38.37,2142,1379668889,0,9,9,18.66424149781258,44,1,0,1.0,2.0,38.37,9,1,6,1.5184552e-05,0,NORMAL,LOW,True
76.24,2142,1379691479,0,15,9,49.99887661638367,44,1,0,1.0,2.0,76.24,0,1,6,1.5261843e-06,0,NORMAL,LOW,True
47.83,2142,1379798014,0,21,9,30.68684860164732,44,0,0,1.0,1.0,47.83,7,1,0,2.5808244e-05,0,NORMAL,LOW,True
74.95,2142,1379867937,0,16,9,42.03914833664638,44,0,0,1.0,2.0,74.95,10,1,1,6.8218023e-06,0,NORMAL,LOW,True
102.71,2142,1379910190,0,4,9,88.91643726984555,44,0,1,1.0,2.0,102.71,4,1,2,6.377284e-06,0,NORMAL,LOW,True
128.79,2142,1379982791,0,0,9,113.95542604302923,44,0,1,1.0,2.0,128.79,12,1,3,3.5733894e-05,0,NORMAL,LOW,True
82.85,2142,1380134560,0,18,9,125.46339416048,44,0,0,1.0,1.0,82.85,6,1,4,2.5572867e-06,0,NORMAL,LOW,True
75.62,2142,1380217498,0,17,9,113.6885669146753,44,1,0,1.0,2.0,75.62,5,1,5,1.4709004e-05,0,NORMAL,LOW,True
29.15,2142,1380266209,0,7,9,88.84255859395627,44,1,0,1.0,2.0,29.15,9,1,6,1.5387279e-05,0,NORMAL,LOW,True
70.15,2142,1380389717,0,17,9,59.88552922900518,44,0,0,1.0,1.0,70.15,0,1,0,1.3440482e-06,0,NORMAL,LOW,True
50.7,2142,1380794192,0,9,10,103.39203401310368,44,1,0,1.0,1.0,50.7,3,1,5,8.935409e-06,0,NORMAL,LOW,True
92.4,2142,1380878659,0,9,10,97.40956927138872,44,1,0,1.0,2.0,92.4,11,1,6,4.9253454e-06,0,NORMAL,LOW,True
75.6,2142,1381000169,0,19,10,96.96245214831345,44,0,0,1.0,1.0,75.6,10,1,0,6.5894023e-06,0,NORMAL,LOW,True
95.62,2142,1381141224,0,10,10,68.48768416789608,44,0,0,1.0,1.0,95.62,11,1,2,1.503611e-06,0,NORMAL,LOW,True
118.58,2142,1381222325,0,8,10,107.7395104529278,44,0,0,1.0,2.0,118.58,4,1,3,1.6422968e-05,0,NORMAL,LOW,True
453.24,2142,1381236946,0,12,10,62.246911422390085,44,0,0,1.0,2.0,453.24,13,1,3,4.470217e-05,0,NORMAL,LOW,True
72.33,2142,1381397113,0,9,10,104.0571013344632,44,1,0,1.0,1.0,72.33,2,1,5,1.5704584e-06,0,NORMAL,LOW,True
56.0,2142,1381495425,0,12,10,66.83189416178197,44,1,0,1.0,1.0,56.0,7,1,6,8.1655835e-06,0,NORMAL,LOW,True
53.47,2142,1381498511,0,13,10,72.18541774719114,44,1,0,2.0,2.0,109.47,1,1,6,5.888725e-06,0,NORMAL,LOW,True
51.73,2142,1381612362,0,21,10,64.86866501428838,44,0,0,1.0,1.0,51.73,7,1,0,1.42366935e-05,0,NORMAL,LOW,True
141.36,2142,1381933673,0,14,10,73.45832868679533,44,0,0,1.0,1.0,141.36,12,1,4,9.836115e-06,0,NORMAL,LOW,True
72.81,2142,1382033214,0,18,10,85.32307586289686,44,1,0,1.0,1.0,72.81,5,1,5,6.937825e-06,0,NORMAL,LOW,True
149.54,2142,1382150419,0,2,10,94.79674848339876,44,0,1,1.0,1.0,149.54,12,1,0,3.0381461e-05,0,NORMAL,LOW,True
115.71,2142,1382155809,0,4,10,56.467435644985386,44,0,1,1.0,2.0,115.71,12,1,0,1.3982266e-05,0,NORMAL,LOW,True
55.31,2142,1382435475,0,9,10,95.49385070390994,44,0,0,1.0,1.0,55.31,3,1,3,2.018959e-06,0,NORMAL,LOW,True
81.71,2142,1382540331,0,14,10,75.54072171846197,44,0,0,1.0,1.0,81.71,6,1,4,2.0434106e-06,0,NORMAL,LOW,True
495.02,2142,1382797412,0,14,10,55.60930789398058,44,0,0,1.0,1.0,495.02,13,1,0,3.906369e-05,0,NORMAL,LOW,True
80.51,2142,1382813586,0,18,10,45.02442137674893,44,0,0,1.0,2.0,80.51,6,1,0,8.672068e-06,0,NORMAL,LOW,True
55.5,2142,1382899119,0,18,10,77.6686140134929,44,0,0,1.0,2.0,55.5,7,1,1,4.4958547e-06,0,NORMAL,LOW,True
96.54,2142,1382933993,0,4,10,66.0989438345482,44,0,1,1.0,2.0,96.54,4,1,2,4.5328834e-06,0,NORMAL,LOW,True
76.67,2142,1382965717,0,13,10,88.13746513300404,44,0,0,1.0,3.0,76.67,0,1,2,1.6501418e-06,0,NORMAL,LOW,True
95.9,2142,1383126505,0,9,10,73.03281295256187,44,0,0,1.0,1.0,95.9,4,1,4,3.421777e-06,0,NORMAL,LOW,True
67.29,2142,1383309604,0,12,11,79.89818331334031,44,1,0,1.0,1.0,67.29,1,1,6,1.0301327e-06,0,NORMAL,LOW,True
91.33,2142,1383356745,0,1,11,100.60637970157045,44,0,1,1.0,2.0,91.33,11,1,0,1.5370677e-05,0,NORMAL,LOW,True
97.3,2142,1383391657,0,11,11,68.68723712046035,44,0,0,1.0,3.0,97.3,4,1,0,1.0725365e-05,0,NORMAL,LOW,True
79.33,2142,1383745469,0,13,11,70.51421104759415,44,0,0,1.0,1.0,79.33,6,1,4,2.7185772e-06,0,NORMAL,LOW,True
81.37,2142,1383770722,0,20,11,82.07494746203558,44,0,0,1.0,2.0,81.37,6,1,4,4.5958254e-06,0,NORMAL,LOW,True
41.3,2142,1383965183,0,2,11,61.89317300276553,44,0,1,1.0,1.0,41.3,9,1,0,2.221489e-05,0,NORMAL,LOW,True
34.87,2142,1383972302,0,4,11,92.7762865250997,44,0,1,1.0,2.0,34.87,9,1,0,9.168823e-06,0,NORMAL,LOW,True
33.48,2142,1383986413,0,8,11,24.53710749708251,44,0,0,1.0,3.0,33.48,9,1,0,3.2884498e-05,0,NORMAL,LOW,True
80.35,2142,1384044192,0,0,11,71.54968225732085,44,0,1,1.0,4.0,80.35,4,1,1,4.096273e-06,0,NORMAL,LOW,True
89.78,2142,1384047840,0,1,11,28.05591514247364,44,0,1,1.0,5.0,89.78,4,1,1,1.08993245e-05,0,NORMAL,LOW,True
97.72,2142,1384054219,0,3,11,29.86108079819917,44,0,1,1.0,5.0,97.72,4,1,1,1.4519476e-05,0,NORMAL,LOW,True
86.34,2142,1384058416,0,4,11,99.4322740228109,44,0,1,1.0,6.0,86.34,4,1,1,2.9890457e-06,0,NORMAL,LOW,True
450.56,2142,1384085713,0,12,11,76.37112593397656,44,0,0,1.0,5.0,450.56,13,1,1,2.4081357e-05,0,NORMAL,LOW,True
55.56,2142,1384209490,0,22,11,95.42274812023147,44,0,1,1.0,1.0,55.56,7,1,2,1.3795182e-05,0,NORMAL,LOW,True
73.69,2142,1384459541,0,20,11,78.79060305844273,44,1,0,1.0,1.0,73.69,5,1,5,5.3864096e-06,0,NORMAL,LOW,True
81.22,2142,1384618679,0,16,11,83.29627602201934,44,0,0,1.0,1.0,81.22,6,1,0,2.2416523e-06,0,NORMAL,LOW,True
29.62,2142,1384669402,0,6,11,58.461228531955,44,0,0,1.0,2.0,29.62,9,1,1,5.138465e-06,0,NORMAL,LOW,True
542.98,2142,1384691959,0,12,11,83.71102988354336,44,0,0,1.0,3.0,542.98,13,1,1,2.8798753e-05,0,NORMAL,LOW,True
44.77,2142,1384780434,0,13,11,78.78103745277137,44,0,0,1.0,1.0,44.77,7,1,2,4.9662954e-06,0,NORMAL,LOW,True
68.48,2142,1384796171,0,17,11,79.95879394505567,44,0,0,1.0,2.0,68.48,0,1,2,1.5604394e-06,0,NORMAL,LOW,True
42.74,2142,1384933565,0,7,11,84.7943310903622,44,0,0,1.0,1.0,42.74,9,1,4,2.2542729e-06,0,NORMAL,LOW,True
95.2,2142,1385076313,0,23,11,24.30262117885224,44,1,1,1.0,1.0,95.2,6,1,5,0.00019432431,0,NORMAL,LOW,True
70.16,2142,1385101635,0,6,11,79.82105192746043,44,1,0,1.0,2.0,70.16,2,1,6,1.7104958e-06,0,NORMAL,LOW,True
135.03,2142,1385179432,0,4,11,104.53501689656092,44,0,1,1.0,2.0,135.03,12,1,0,5.278466e-06,0,NORMAL,LOW,True
49.31,2142,1385189047,0,6,11,113.47009393122424,44,0,0,1.0,2.0,49.31,3,1,0,7.107723e-06,0,NORMAL,LOW,True
69.31,2142,1385206427,0,11,11,48.03336294278104,44,0,0,1.0,3.0,69.31,2,1,0,3.1955854e-06,0,NORMAL,LOW,True
81.95,2142,1385234799,0,19,11,59.787712385110645,44,0,0,1.0,4.0,81.95,6,1,0,1.0111373e-05,0,NORMAL,LOW,True
39.23,2142,1385296556,0,12,11,65.38669119028631,44,0,0,1.0,2.0,39.23,7,1,1,1.0673491e-05,0,NORMAL,LOW,True
83.03,2142,1385313681,0,17,11,41.2215282967322,44,0,0,1.0,3.0,83.03,0,1,1,3.5836354e-06,0,NORMAL,LOW,True
41.9,2142,1385329955,0,21,11,95.23530567046542,44,0,0,1.0,3.0,41.9,7,1,1,3.5879566e-05,0,NORMAL,LOW,True
127.29,2142,1385780303,0,2,11,98.98021556155292,44,0,1,1.0,1.0,127.29,12,1,0,2.0979636e-05,0,NORMAL,LOW,True
91.85,2142,1385802847,0,9,11,18.160955174376465,44,0,0,1.0,2.0,91.85,11,1,0,3.5582507e-06,0,NORMAL,LOW,True
74.56,2142,1385839131,0,19,11,28.65371360178416,44,0,0,1.0,3.0,74.56,0,1,0,5.5902256e-06,0,NORMAL,LOW,True
86.91,2142,1385883681,0,7,12,71.46497330454626,44,0,0,1.0,3.0,86.91,11,1,1,2.6125936e-06,0,NORMAL,LOW,True
72.47,2142,1385887052,0,8,12,32.210576375286585,44,0,0,2.0,4.0,159.38,2,1,1,5.478114e-06,0,NORMAL,LOW,True
108.22,2142,1385898945,0,11,12,77.45097412517174,44,0,0,1.0,4.0,108.22,4,1,1,1.9164669e-05,0,NORMAL,LOW,True
466.74,2142,1385915823,0,16,12,51.62536292774092,44,0,0,1.0,5.0,466.74,13,1,1,5.4754077e-05,0,NORMAL,LOW,True
106.38,2142,1385951780,0,2,12,20.321489420210327,44,0,1,1.0,5.0,106.38,8,1,2,7.183402e-05,0,NORMAL,LOW,True
28.64,2142,1386030750,0,0,12,98.78276174894567,44,0,1,1.0,2.0,28.64,9,1,3,3.2224154e-05,0,NORMAL,LOW,True
103.14,2142,1386039599,0,2,12,106.84453104443558,44,0,1,1.0,2.0,103.14,4,1,3,3.233482e-05,0,NORMAL,LOW,True
46.72,2142,1386217059,0,4,12,96.19750114415255,44,1,1,1.0,1.0,46.72,3,1,5,1.26575305e-05,0,NORMAL,LOW,True
104.78,2142,1386305000,0,4,12,121.1601796711914,44,1,1,1.0,1.0,104.78,11,1,6,3.287319e-06,0,NORMAL,LOW,True
141.22,2142,1386374661,0,0,12,95.99531676314602,44,0,1,1.0,2.0,141.22,12,1,0,0.00011279318,0,NORMAL,LOW,True
73.84,2142,1386446336,0,19,12,84.62739742486166,44,0,0,1.0,2.0,73.84,10,1,0,1.5990863e-05,0,NORMAL,LOW,True
75.52,2142,1386460697,0,23,12,62.4707249738817,44,0,1,1.0,3.0,75.52,5,1,0,0.00018737157,0,NORMAL,LOW,True
40.03,2142,1386472851,0,3,12,31.202974926573205,44,0,1,1.0,3.0,40.03,9,1,1,3.58848e-05,0,NORMAL,LOW,True
62.92,2142,1386522445,0,17,12,105.33968002533562,44,0,0,1.0,4.0,62.92,1,1,1,5.0131475e-06,0,NORMAL,LOW,True
80.49,2142,1386550988,0,1,12,46.55020756510177,44,0,1,1.0,3.0,80.49,11,1,2,1.51556615e-05,0,NORMAL,LOW,True
99.39,2142,1386557520,0,2,12,124.6180064553787,44,0,1,1.0,4.0,99.39,4,1,2,2.017301e-05,0,NORMAL,LOW,True
31.01,2142,1386653677,0,5,12,88.5327213839582,44,0,1,1.0,1.0,31.01,9,1,3,3.3641045e-06,0,NORMAL,LOW,True
107.89,2142,1386726568,0,1,12,119.52666398442516,44,0,1,1.0,2.0,107.89,8,1,4,3.1137617e-05,0,NORMAL,LOW,True
145.41,2142,1386833734,0,7,12,94.69115878736255,44,1,0,1.0,1.0,145.41,12,1,5,1.0855114e-05,0,NORMAL,LOW,True
91.4,2142,1386893757,0,0,12,130.08277425429432,44,1,1,1.0,2.0,91.4,4,1,6,6.4557994e-06,0,NORMAL,LOW,True
65.21,2142,1387027630,0,13,12,87.85181042372884,44,0,0,1.0,1.0,65.21,6,1,0,2.359319e-06,0,NORMAL,LOW,True
42.17,2142,1387051670,0,20,12,77.66656972873531,44,0,0,1.0,2.0,42.17,7,1,0,3.2152908e-05,0,NORMAL,LOW,True
110.73,2142,1387073968,0,2,12,91.0482358257286,44,0,1,1.0,3.0,110.73,11,1,1,1.7213588e-05,0,NORMAL,LOW,True
89.71,2142,1387117622,0,14,12,109.59302346421138,44,0,0,1.0,3.0,89.71,6,1,1,5.237294e-06,0,NORMAL,LOW,True
126.56,2142,1387181175,0,8,12,71.02821716054213,44,0,0,1.0,2.0,126.56,12,1,2,6.27353e-06,0,NORMAL,LOW,True
492.72,2142,1387227898,0,21,12,76.75070842679571,44,0,0,1.0,2.0,492.72,13,1,2,8.848372e-05,0,NORMAL,LOW,True
62.34,2142,1387302747,0,17,12,98.69532785064852,44,0,0,1.0,2.0,62.34,1,1,3,1.9075223e-06,0,NORMAL,LOW,True
129.3,2142,1387341422,0,4,12,22.43290103200317,44,0,1,1.0,2.0,129.3,12,1,4,6.212386e-05,0,NORMAL,LOW,True
79.08,2142,1387390317,0,18,12,28.70224103269,44,0,0,1.0,2.0,79.08,0,1,4,9.400919e-06,0,NORMAL,LOW,True
73.1,2142,1387485897,0,20,12,110.47558995821876,44,1,0,1.0,1.0,73.1,6,1,5,5.956076e-06,0,NORMAL,LOW,True
94.3,2142,1387502926,0,1,12,104.12592549692812,44,1,1,1.0,2.0,94.3,4,1,6,2.1368985e-05,0,NORMAL,LOW,True
42.19,2142,1387748050,0,21,12,37.41896855627282,44,0,0,1.0,1.0,42.19,7,1,1,2.7534825e-05,0,NORMAL,LOW,True
45.01,2142,1387762997,0,1,12,80.98295720107464,44,0,1,1.0,2.0,45.01,3,1,2,4.027503e-05,0,NORMAL,LOW,True
44.01,2142,1387770023,0,3,12,48.46328161961051,44,0,1,1.0,3.0,44.01,3,1,2,5.0658095e-05,0,NORMAL,LOW,True
99.9,2142,1387942735,0,3,12,115.97380045423895,44,0,1,1.0,1.0,99.9,4,1,4,8.279235e-06,0,NORMAL,LOW,True
110.1,2142,1387965588,0,9,12,108.12950716773057,44,0,0,1.0,2.0,110.1,4,1,4,2.10995e-05,0,NORMAL,LOW,True
445.17,2142,1387992895,0,17,12,107.66160457387464,44,0,0,1.0,3.0,445.17,13,1,4,0.00015926019,0,NORMAL,LOW,True
68.45,2142,1388039854,0,6,12,9.13345094922537,44,1,0,1.0,3.0,68.45,2,1,5,1.4852738e-05,0,NORMAL,LOW,True
92.9,2142,1388042888,0,7,12,48.53635962212713,44,1,0,2.0,4.0,161.35000000000002,11,1,5,2.1814954e-05,0,NORMAL,LOW,True
70.95,2142,1388158996,0,15,12,55.93965107761789,44,1,0,1.0,1.0,70.95,5,1,6,5.0069934e-06,0,NORMAL,LOW,True
73.27,2142,1388163127,0,16,12,56.60431400382891,44,1,0,1.0,2.0,73.27,5,1,6,1.6040502e-05,0,NORMAL,LOW,True
77.4,2142,1388172726,0,19,12,82.84927890925157,44,1,0,1.0,3.0,77.4,6,1,6,1.9261724e-05,0,NORMAL,LOW,True
83.86,2142,1388237865,0,13,12,59.21753318216838,44,0,0,1.0,4.0,83.86,6,1,0,1.3225573e-05,0,NORMAL,LOW,True
48.65,2142,1388242275,0,14,12,105.36054390576876,44,0,0,1.0,5.0,48.65,7,1,0,4.4097127e-05,0,NORMAL,LOW,True
100.2,2142,1388289719,0,4,12,97.47708108482412,44,0,1,1.0,3.0,100.2,4,1,1,3.3514714e-06,0,NORMAL,LOW,True
97.66,2142,1388300232,0,6,12,58.15706411861348,44,0,0,1.0,4.0,97.66,11,1,1,4.3606587e-06,0,NORMAL,LOW,True
74.17,2142,1388334518,0,16,12,108.40895826857746,44,0,0,1.0,3.0,74.17,5,1,1,6.6938337e-06,0,NORMAL,LOW,True
72.73,2142,1388430415,0,19,12,121.88379578105842,44,0,0,1.0,1.0,72.73,0,1,2,8.3091055e-07,0,NORMAL,LOW,True
63.95,2142,1388436353,0,20,12,99.97973497837602,44,0,0,1.0,2.0,63.95,1,1,2,2.6500838e-06,0,NORMAL,LOW,True
8.92,233060,1371824749,0,14,6,65.29321935765712,48,1,0,1.0,1.0,8.92,7,1,6,0.0001483539,0,NORMAL,LOW,True
44.92,233060,1371850262,0,21,6,51.89126320501302,48,1,0,1.0,2.0,44.92,6,1,6,2.996312e-06,0,NORMAL,LOW,True
119.91,233060,1371857160,0,23,6,111.32707470739432,48,1,1,1.0,3.0,119.91,1,1,6,0.0014425741,0,NORMAL,LOW,True
74.51,233060,1371905447,0,12,6,103.46285590399629,48,0,0,1.0,4.0,74.51,7,1,0,1.9390443e-05,0,NORMAL,LOW,True
3.56,233060,1371935445,0,21,6,33.98190552860934,48,0,0,1.0,4.0,3.56,11,1,0,7.4252273e-07,0,NORMAL,LOW,True
63.07,233060,1371951979,0,1,6,76.04947309258951,48,0,1,1.0,3.0,63.07,3,1,1,0.00012682227,0,NORMAL,LOW,True
50.52,233060,1371952078,0,1,6,77.2521550068981,48,0,1,2.0,4.0,113.59,2,1,1,3.0731957e-05,0,NORMAL,LOW,True
24.36,233060,1371995626,0,13,6,100.32795643938208,48,0,0,1.0,4.0,24.36,6,1,1,9.867734e-05,0,NORMAL,LOW,True
40.53,233060,1372031499,0,23,6,96.21494292940667,48,0,1,1.0,4.0,40.53,6,1,1,7.6843826e-05,0,NORMAL,LOW,True
1.49,233060,1372114566,0,22,6,85.30904503790897,48,0,1,1.0,2.0,1.49,11,1,2,9.136502e-06,0,NORMAL,LOW,True
18.43,233060,1372164489,0,12,6,56.69204508413421,48,0,0,1.0,2.0,18.43,9,1,3,7.634635e-05,0,NORMAL,LOW,True
110.55,233060,1372189495,0,19,6,74.02227479192564,48,0,0,1.0,3.0,110.55,5,1,3,1.803145e-05,0,NORMAL,LOW,True
24.59,233060,1372254392,0,13,6,33.850005125016175,48,0,0,1.0,2.0,24.59,6,1,4,1.6090893e-05,0,NORMAL,LOW,True
33.01,233060,1372274849,0,19,6,113.6098612620649,48,0,0,1.0,3.0,33.01,10,1,4,6.32544e-05,0,NORMAL,LOW,True
2758.46,233060,1372371888,0,22,6,91.92378381656012,48,1,1,1.0,1.0,2758.46,13,1,5,5.2576263e-05,0,NORMAL,LOW,True
82.86,233060,1372534007,0,19,6,124.73793181110874,48,0,0,1.0,1.0,82.86,6,1,0,1.1284461e-06,0,NORMAL,LOW,True
15.68,233060,1372549632,0,23,6,36.77903469333127,48,0,1,1.0,2.0,15.68,6,1,0,9.892513e-05,0,NORMAL,LOW,True
167.15,233060,1372611988,0,17,6,57.45980677851841,48,0,0,1.0,3.0,167.15,6,1,1,3.24493e-05,0,NORMAL,LOW,True
1.19,233060,1372625519,0,20,6,100.60839594544488,48,0,0,1.0,3.0,1.19,11,1,1,1.4930997e-06,0,NORMAL,LOW,True
7.28,233060,1373057731,0,20,7,34.4542753450492,48,1,0,1.0,1.0,7.28,11,1,6,6.2791387e-06,0,NORMAL,LOW,True
89.87,233060,1373103279,0,9,7,59.07709193395376,48,0,0,1.0,2.0,89.87,3,1,0,1.05507315e-05,0,NORMAL,LOW,True
121.19,233060,1373323862,0,22,7,13.192829383904074,48,0,1,1.0,1.0,121.19,0,1,2,0.0001318628,0,NORMAL,LOW,True
246.66,233060,1373491697,0,21,7,104.19222056177584,48,0,0,1.0,1.0,246.66,6,1,4,0.000489275,0,NORMAL,LOW,True
65.36,233060,1373788594,0,7,7,100.4147221947861,48,0,0,1.0,1.0,65.36,2,1,1,2.2446536e-06,0,NORMAL,LOW,True
57.13,233060,1374028739,0,2,7,92.2913974234347,48,0,1,1.0,1.0,57.13,2,1,4,5.28002e-05,0,NORMAL,LOW,True
3.38,233060,1374111291,0,1,7,115.94595819117386,48,1,1,1.0,2.0,3.38,8,1,5,1.6936461e-05,0,NORMAL,LOW,True
46.92,233060,1374204894,0,3,7,80.99941224432804,48,1,1,1.0,1.0,46.92,4,1,6,3.778825e-05,0,NORMAL,LOW,True
5.29,233060,1374253830,0,17,7,85.96778695513304,48,1,0,1.0,2.0,5.29,12,1,6,2.7342742e-06,0,NORMAL,LOW,True
8.19,233060,1374330517,0,14,7,74.49429956903717,48,0,0,1.0,2.0,8.19,13,1,0,3.1674972e-05,0,NORMAL,LOW,True
62.43,233060,1374429453,0,17,7,87.91890185285216,48,0,0,1.0,1.0,62.43,7,1,1,5.357756e-06,0,NORMAL,LOW,True
190.49,233060,1374435735,0,19,7,99.10616032034466,48,0,0,1.0,2.0,190.49,10,1,1,1.2493246e-05,0,NORMAL,LOW,True
172.83,233060,1374522067,0,19,7,123.13469295108104,48,0,0,1.0,2.0,172.83,6,1,2,3.954272e-06,0,NORMAL,LOW,True
40.75,233060,1374583749,0,12,7,41.31953270530166,48,0,0,1.0,2.0,40.75,7,1,3,1.5279044e-05,0,NORMAL,LOW,True
24.36,233060,1374594859,0,15,7,46.02173565874622,48,0,0,1.0,3.0,24.36,9,1,3,0.0001041144,0,NORMAL,LOW,True
462.59,233060,1374686860,0,17,7,91.83711457783318,48,0,0,1.0,1.0,462.59,0,1,4,0.006224312,0,NORMAL,LOW,True
20.0,233060,1374690414,0,18,7,50.26891320970664,48,0,0,2.0,2.0,482.59,7,1,4,0.00086879433,0,NORMAL,LOW,True
23.54,233060,1374756185,0,12,7,106.58608752194174,48,1,0,1.0,3.0,23.54,6,1,5,0.0003824744,0,NORMAL,LOW,True
10.0,233060,1374947053,0,17,7,35.961084746224046,48,0,0,1.0,1.0,10.0,11,1,0,2.0316747e-05,0,NORMAL,LOW,True
11.97,233060,1375024976,0,15,7,36.54954491979146,48,0,0,1.0,2.0,11.97,0,1,1,6.9539947e-06,0,NORMAL,LOW,True
107.34,233060,1375044500,0,20,7,75.57645261739026,48,0,0,1.0,2.0,107.34,6,1,1,7.0219826e-06,0,NORMAL,LOW,True
9.57,233060,1375123133,0,18,7,101.76559295125811,48,0,0,1.0,2.0,9.57,11,1,2,2.2684702e-05,0,NORMAL,LOW,True
1125.3,233060,1375130734,0,20,7,86.31319839614643,48,0,0,1.0,3.0,1125.3,9,1,2,0.005358671,0,NORMAL,LOW,True
97.85,233060,1375151571,0,2,7,117.932636653581,48,0,1,1.0,3.0,97.85,3,1,3,0.00046703345,0,NORMAL,LOW,True
96.22,233060,1375168069,0,7,7,98.4206118538205,48,0,0,1.0,4.0,96.22,4,1,3,7.940219e-06,0,NORMAL,LOW,True
83.46,233060,1375232521,0,1,7,95.52856164040458,48,0,1,1.0,3.0,83.46,2,1,4,4.109658e-05,0,NORMAL,LOW,True
18.94,233060,1375259992,0,8,7,104.60856005587787,48,0,0,1.0,2.0,18.94,3,1,4,0.0015797309,0,NORMAL,LOW,True
71.72,233060,1375303430,0,20,7,109.12718489778406,48,0,0,1.0,3.0,71.72,5,1,4,5.129833e-06,0,NORMAL,LOW,True
11.97,233060,1375312864,0,23,7,77.82482088005263,48,0,1,1.0,4.0,11.97,0,1,4,1.2769085e-05,0,NORMAL,LOW,True
172.85,233060,1375338978,0,6,8,21.388885779578413,48,1,0,1.0,4.0,172.85,8,1,5,7.267851e-05,0,NORMAL,LOW,True
48.05,233060,1375540409,0,14,8,105.76294572698598,48,0,0,1.0,1.0,48.05,0,1,0,2.2493532e-06,0,NORMAL,LOW,True
9.24,233060,1375633805,0,16,8,115.5234120925673,48,0,0,1.0,1.0,9.24,13,1,1,0.00017665028,0,NORMAL,LOW,True
163.13,233060,1375720441,0,16,8,104.3781725096082,48,0,0,1.0,1.0,163.13,5,1,2,2.3140403e-05,0,NORMAL,LOW,True
2.84,233060,1375868046,0,9,8,18.39842738377618,48,0,0,1.0,1.0,2.84,8,1,4,1.6188134e-06,0,NORMAL,LOW,True
1.14,233060,1375913535,0,22,8,67.91454337121273,48,0,1,1.0,2.0,1.14,12,1,4,2.502709e-05,0,NORMAL,LOW,True
9.56,233060,1375963729,0,12,8,71.77252493475184,48,1,0,1.0,2.0,9.56,1,1,5,2.2875462e-05,0,NORMAL,LOW,True
4.6,233060,1375979591,0,16,8,126.88806440413124,48,1,0,1.0,3.0,4.6,12,1,5,1.0056874e-05,0,NORMAL,LOW,True
11.05,233060,1375996297,0,21,8,81.91288781786903,48,1,0,1.0,4.0,11.05,10,1,5,0.0003534969,0,NORMAL,LOW,True
4.76,233060,1376000015,0,22,8,43.024962985470566,48,1,1,1.0,4.0,4.76,12,1,5,5.733317e-05,0,NORMAL,LOW,True
173.91,233060,1376184441,0,1,8,93.8436904519387,48,0,1,1.0,1.0,173.91,8,1,1,0.00037733742,0,NORMAL,LOW,True
78.96,233060,1376222371,0,11,8,39.330150767851705,48,0,0,1.0,2.0,78.96,2,1,1,3.084275e-06,0,NORMAL,LOW,True
6.5,233060,1376239455,0,16,8,94.58065113123206,48,0,0,1.0,3.0,6.5,7,1,1,0.00019908154,0,NORMAL,LOW,True
43.0,233060,1376256128,0,21,8,70.80988764860489,48,0,0,1.0,4.0,43.0,12,1,1,2.5770249e-05,0,NORMAL,LOW,True
42.63,233060,1376316123,0,14,8,84.53785876447164,48,0,0,1.0,3.0,42.63,5,1,2,2.455165e-05,0,NORMAL,LOW,True
2.51,233060,1376424008,0,20,8,62.704406485851536,48,0,0,1.0,1.0,2.51,12,1,3,1.6941299e-06,0,NORMAL,LOW,True
7.22,233060,1376518369,0,22,8,99.985711715738,48,0,1,1.0,1.0,7.22,10,1,4,0.00029689734,0,NORMAL,LOW,True
98.21,233060,1376551026,0,7,8,88.40201291299672,48,1,0,1.0,2.0,98.21,2,1,5,1.0379594e-05,0,NORMAL,LOW,True
57.74,233060,1376599615,0,20,8,81.0190284044808,48,1,0,1.0,3.0,57.74,6,1,5,1.49708685e-05,0,NORMAL,LOW,True
8.25,233060,1376605102,0,22,8,39.38537840065439,48,1,1,1.0,3.0,8.25,5,1,5,0.006674711,0,NORMAL,LOW,True
6.58,233060,1376607564,0,22,8,38.49213994759265,48,1,1,2.0,4.0,14.83,12,1,5,0.0010853714,0,NORMAL,LOW,True
3.44,233060,1376676010,0,18,8,38.399178293183816,48,1,0,1.0,4.0,3.44,1,1,6,4.5517922e-06,0,NORMAL,LOW,True
15.05,233060,1376681260,0,19,8,72.16327891113464,48,1,0,1.0,5.0,15.05,6,1,6,0.00016167802,0,NORMAL,LOW,True
199.32,233060,1376689716,0,21,8,78.3954547603027,48,1,0,1.0,5.0,199.32,0,1,6,6.8542635e-05,0,NORMAL,LOW,True
206.83,233060,1376694123,0,23,8,14.627049022388205,48,1,1,1.0,4.0,206.83,0,1,6,0.0003194042,0,NORMAL,LOW,True
22.14,233060,1376866001,0,22,8,44.22254170155102,48,0,1,1.0,1.0,22.14,6,1,1,0.00044786496,0,NORMAL,LOW,True
145.32,233060,1376943630,0,20,8,77.11261354516384,48,0,0,1.0,2.0,145.32,0,1,2,1.3769237e-05,0,NORMAL,LOW,True
7.04,233060,1377016509,0,16,8,104.60241746988964,48,0,0,1.0,2.0,7.04,10,1,3,3.3865228e-05,0,NORMAL,LOW,True
2.53,233060,1377104536,0,17,8,88.0122767100604,48,0,0,1.0,1.0,2.53,11,1,4,1.2329318e-06,0,NORMAL,LOW,True
31.91,233060,1377169580,0,11,8,92.32925825835622,48,1,0,1.0,2.0,31.91,3,1,5,6.495082e-05,0,NORMAL,LOW,True
51.86,233060,1377352928,0,14,8,106.43386391513118,48,0,0,1.0,1.0,51.86,7,1,0,1.7231245e-05,0,NORMAL,LOW,True
56.13,233060,1377364488,0,17,8,73.79879045211122,48,0,0,1.0,2.0,56.13,6,1,0,2.4419357e-06,0,NORMAL,LOW,True
7.41,233060,1377382098,0,22,8,88.24400778602731,48,0,1,1.0,3.0,7.41,12,1,0,8.438018e-05,0,NORMAL,LOW,True
63.65,233060,1377407695,0,5,8,104.68196509419133,48,0,1,1.0,4.0,63.65,4,1,1,1.8535e-05,0,NORMAL,LOW,True
58.86,233060,1377516622,0,11,8,36.446303134554086,48,0,0,1.0,1.0,58.86,4,1,2,6.8425024e-06,0,NORMAL,LOW,True
46.23,233060,1377606765,0,12,8,111.21440166997829,48,0,0,1.0,1.0,46.23,6,1,3,7.97926e-06,0,NORMAL,LOW,True
10.54,233060,1378053815,0,16,9,52.73299659930926,48,0,0,1.0,1.0,10.54,6,1,1,6.6387205e-05,0,NORMAL,LOW,True
54.0,233060,1378112343,0,8,9,19.277613542005867,48,0,0,1.0,2.0,54.0,2,1,2,1.11309355e-05,0,NORMAL,LOW,True
67.67,233060,1378167376,0,0,9,21.85106225739869,48,0,1,1.0,2.0,67.67,2,1,3,0.00012965592,0,NORMAL,LOW,True
82.22,233060,1378308946,0,15,9,111.61219066532996,48,0,0,1.0,1.0,82.22,7,1,4,1.5606325e-05,0,NORMAL,LOW,True
27.82,233060,1378369388,0,8,9,109.41301429695338,48,1,0,1.0,2.0,27.82,8,1,5,3.6570284e-05,0,NORMAL,LOW,True
91.29,233060,1378487103,0,17,9,71.1526530950718,48,1,0,1.0,1.0,91.29,6,1,6,5.2511673e-06,0,NORMAL,LOW,True
50.84,233060,1378524539,0,3,9,127.40272228070936,48,0,1,1.0,2.0,50.84,4,1,0,3.0499436e-05,0,NORMAL,LOW,True
38.56,233060,1378533206,0,5,9,86.7428629540673,48,0,1,1.0,3.0,38.56,4,1,0,3.991249e-05,0,NORMAL,LOW,True
26.25,233060,1378650488,0,14,9,88.39849737199934,48,0,0,1.0,1.0,26.25,11,1,1,2.373073e-05,0,NORMAL,LOW,True
36.58,233060,1378663528,0,18,9,59.11755670420012,48,0,0,1.0,2.0,36.58,0,1,1,3.4675702e-06,0,NORMAL,LOW,True
4.98,233060,1378674180,0,21,9,127.95131842833509,48,0,0,1.0,3.0,4.98,11,1,1,1.8024116e-06,0,NORMAL,LOW,True
119.27,233060,1378680737,0,22,9,26.43612647678583,48,0,1,1.0,4.0,119.27,0,1,1,0.00018513958,0,NORMAL,LOW,True
71.38,233060,1378716593,0,8,9,89.4107889583302,48,0,0,1.0,5.0,71.38,2,1,2,5.7127472e-05,0,NORMAL,LOW,True
75.56,233060,1378778607,0,2,9,90.43921313283872,48,0,1,1.0,2.0,75.56,4,1,3,0.00014882004,0,NORMAL,LOW,True
1.66,233060,1378823287,0,14,9,70.28762647718105,48,0,0,1.0,2.0,1.66,12,1,3,9.575241e-06,0,NORMAL,LOW,True
9.02,233060,1378918644,0,16,9,98.42823146435934,48,0,0,1.0,1.0,9.02,12,1,4,0.00037824054,0,NORMAL,LOW,True
218.05,233060,1378923673,0,18,9,65.00854075939056,48,0,0,1.0,2.0,218.05,9,1,4,0.00017505017,0,NORMAL,LOW,True
13.05,233060,1378991510,0,13,9,76.2536905774396,48,1,0,1.0,3.0,13.05,5,1,5,0.00051046617,0,NORMAL,LOW,True
79.38,233060,1379222959,0,5,9,113.92078233217988,48,0,1,1.0,1.0,79.38,2,1,1,1.7809996e-05,0,NORMAL,LOW,True
68.12,233060,1379225252,0,6,9,86.02352793118989,48,0,0,2.0,2.0,147.5,2,1,1,5.173845e-06,0,NORMAL,LOW,True
6.37,233060,1379247669,0,12,9,121.60394622333166,48,0,0,1.0,3.0,6.37,12,1,1,4.9689654e-05,0,NORMAL,LOW,True
109.18,233060,1379250208,0,13,9,115.97478314214938,48,0,0,2.0,4.0,115.55,7,1,1,2.774416e-05,0,NORMAL,LOW,True
5.18,233060,1379263324,0,16,9,81.03355047783654,48,0,0,1.0,5.0,5.18,12,1,1,1.6897951e-05,0,NORMAL,LOW,True
84.65,233060,1379347827,0,16,9,23.293384236128507,48,0,0,1.0,2.0,84.65,5,1,2,2.1747283e-05,0,NORMAL,LOW,True
1.3,233060,1379351611,0,17,9,92.56835161557323,48,0,0,1.0,2.0,1.3,9,1,2,4.5821504e-05,0,NORMAL,LOW,True
9.62,233060,1379505766,0,12,9,86.80238982074206,48,0,0,1.0,1.0,9.62,12,1,4,0.00010774471,0,NORMAL,LOW,True
66.07,233060,1379537651,0,20,9,124.89034179002444,48,0,0,1.0,2.0,66.07,11,1,4,2.502213e-06,0,NORMAL,LOW,True
31.86,233060,1379703125,0,18,9,25.227142786618018,48,1,0,1.0,1.0,31.86,6,1,6,1.8384364e-05,0,NORMAL,LOW,True
88.61,233060,1379737355,0,4,9,104.09106723465597,48,0,1,1.0,2.0,88.61,2,1,0,1.1438467e-05,0,NORMAL,LOW,True
53.71,233060,1379759308,0,10,9,84.24482502884868,48,0,0,1.0,3.0,53.71,3,1,0,3.590284e-05,0,NORMAL,LOW,True
1.6,233060,1379786032,0,17,9,96.75553971856168,48,0,0,1.0,4.0,1.6,13,1,0,1.6295928e-05,0,NORMAL,LOW,True
6.98,233060,1379803637,0,22,9,97.10595481412705,48,0,1,1.0,4.0,6.98,12,1,0,0.00029668372,0,NORMAL,LOW,True
337.39,233060,1379812311,1,1,9,117.24183385898672,48,0,1,1.0,5.0,337.39,4,1,1,0.99952817,1,FRAUD,CRITICAL,True
292.54,233060,1379815366,1,2,9,115.97302567113375,48,0,1,2.0,6.0,629.9300000000001,4,1,1,0.9992331,1,FRAUD,CRITICAL,True
995.97,233060,1379889558,1,22,9,93.34459548353368,48,0,1,1.0,4.0,995.97,11,1,1,0.9795864,1,FRAUD,CRITICAL,True
1062.66,233060,1379891408,1,23,9,106.35437706366248,48,0,1,2.0,4.0,2058.63,11,1,1,0.99877876,1,FRAUD,CRITICAL,True
1113.08,233060,1379893670,1,23,9,73.77231564735419,48,0,1,2.0,5.0,2175.74,11,1,1,0.99526054,1,FRAUD,CRITICAL,True
740.62,233060,1379904985,1,2,9,48.58429552242302,48,0,1,1.0,4.0,740.62,8,1,2,0.9569246,1,FRAUD,CRITICAL,True
11.19,233060,1379931156,1,10,9,108.09825733589506,48,0,0,1.0,5.0,11.19,2,1,2,0.9439759,1,FRAUD,CRITICAL,True
1057.35,233060,1379973814,1,22,9,59.61845040066435,48,0,1,1.0,6.0,1057.35,11,1,2,0.9868786,1,FRAUD,CRITICAL,True
7.75,233060,1380042581,0,17,9,116.31602007125602,48,0,0,1.0,2.0,7.75,0,1,3,7.5598828e-06,0,NORMAL,LOW,True
44.66,233060,1380122235,0,15,9,108.48129551970088,48,0,0,1.0,2.0,44.66,7,1,4,5.2316987e-05,0,NORMAL,LOW,True
12.22,233060,1380199858,0,12,9,41.21283344913004,48,1,0,1.0,2.0,12.22,0,1,5,2.4836952e-05,0,NORMAL,LOW,True
1.02,233060,1380289507,0,13,9,69.44923621536444,48,1,0,1.0,1.0,1.02,9,1,6,5.2306663e-05,0,NORMAL,LOW,True
35.67,233060,1380538935,0,11,9,63.21911167733931,48,0,0,1.0,1.0,35.67,4,1,2,4.8426486e-05,0,NORMAL,LOW,True
140.36,233060,1380553136,0,14,9,124.81277093993248,48,0,0,1.0,2.0,140.36,9,1,2,1.8197929e-05,0,NORMAL,LOW,True
9.03,233060,1380576838,0,21,9,77.72695046959704,48,0,0,1.0,3.0,9.03,11,1,2,0.00039267165,0,NORMAL,LOW,True
94.56,233060,1380584268,0,23,9,8.82633408704573,48,0,1,1.0,4.0,94.56,7,1,2,0.00046357737,0,NORMAL,LOW,True
1051.24,233060,1380631557,0,12,10,36.50664080074653,48,0,0,1.0,4.0,1051.24,9,1,3,0.021390064,0,NORMAL,LOW,True
1.3,233060,1380920536,0,21,10,126.79023336924428,48,1,0,1.0,1.0,1.3,0,1,6,2.8316108e-06,0,NORMAL,LOW,True
35.84,233060,1380920650,0,21,10,48.484922082338,48,1,0,2.0,2.0,37.14,1,1,6,7.671181e-06,0,NORMAL,LOW,True
43.52,233060,1380973112,0,11,10,110.90781335122678,48,0,0,1.0,3.0,43.52,2,1,0,1.0803364e-05,0,NORMAL,LOW,True
8.6,233060,1381100977,0,23,10,24.86638499962332,48,0,1,1.0,1.0,8.6,10,1,1,0.0027938252,0,NORMAL,LOW,True
5.41,233060,1381172083,0,18,10,71.16622294504909,48,0,0,1.0,2.0,5.41,13,1,2,2.5827865e-06,0,NORMAL,LOW,True
16.12,233060,1381245368,0,15,10,84.90092813863596,48,0,0,1.0,2.0,16.12,10,1,3,0.00012794595,0,NORMAL,LOW,True
32.86,233060,1381524017,0,20,10,119.87048721437964,48,1,0,1.0,1.0,32.86,6,1,6,5.1705742e-06,0,NORMAL,LOW,True
4.48,233060,1381612880,0,21,10,130.35829660653366,48,0,0,1.0,1.0,4.48,12,1,0,2.2063032e-06,0,NORMAL,LOW,True
3.57,233060,1381940336,0,16,10,87.57503158131475,48,0,0,1.0,1.0,3.57,0,1,4,1.2949781e-06,0,NORMAL,LOW,True
11.15,233060,1382135167,0,22,10,33.09908319606117,48,1,1,1.0,1.0,11.15,1,1,6,8.4038904e-05,0,NORMAL,LOW,True
60.01,233060,1382198660,0,16,10,68.73117978667818,48,0,0,1.0,2.0,60.01,5,1,0,9.86217e-06,0,NORMAL,LOW,True
150.01,233060,1382278537,0,14,10,68.27077548693403,48,0,0,1.0,2.0,150.01,6,1,1,2.9168517e-05,0,NORMAL,LOW,True
7.65,233060,1382279956,0,14,10,100.1674691625434,48,0,0,2.0,3.0,157.66,9,1,1,0.00026589088,0,NORMAL,LOW,True
2.62,233060,1382312437,0,23,10,37.89848399070828,48,0,1,1.0,3.0,2.62,11,1,1,2.869573e-05,0,NORMAL,LOW,True
6.15,233060,1382421352,0,5,10,28.10153986377311,48,0,1,1.0,1.0,6.15,8,1,3,0.00019071714,0,NORMAL,LOW,True
14.35,233060,1382545183,0,16,10,102.70768024002048,48,0,0,1.0,1.0,14.35,7,1,4,0.00013829193,0,NORMAL,LOW,True
33.24,233060,1382555286,0,19,10,100.97600173374931,48,0,0,1.0,2.0,33.24,10,1,4,6.136209e-05,0,NORMAL,LOW,True
19.49,233060,1382558148,0,19,10,97.22469659980662,48,0,0,2.0,3.0,52.73,6,1,4,4.600597e-05,0,NORMAL,LOW,True
13.13,233060,1382623122,0,13,10,86.64254251682252,48,1,0,1.0,4.0,13.13,6,1,5,0.00020338567,0,NORMAL,LOW,True
20.41,233060,1382749018,0,0,10,61.9178508539062,48,0,1,1.0,1.0,20.41,3,1,0,0.016121062,0,NORMAL,LOW,True
6.19,233060,1382896472,0,17,10,124.31008737816732,48,0,0,1.0,1.0,6.19,12,1,1,1.7799317e-05,0,NORMAL,LOW,True
22.8,233060,1383165576,0,20,10,60.68689416923116,48,0,0,1.0,1.0,22.8,5,1,4,0.0004980811,0,NORMAL,LOW,True
2.85,233060,1383423163,0,20,11,87.03812182823927,48,0,0,1.0,1.0,2.85,12,1,0,1.6502e-06,0,NORMAL,LOW,True
35.9,233060,1383574689,0,14,11,67.95734745085423,48,0,0,1.0,1.0,35.9,5,1,2,3.802412e-05,0,NORMAL,LOW,True
203.03,233060,1383665111,0,15,11,85.50618959117725,48,0,0,1.0,1.0,203.03,6,1,3,9.872374e-05,0,NORMAL,LOW,True
61.64,233060,1383714348,0,5,11,71.01813543967769,48,0,1,1.0,2.0,61.64,2,1,4,3.7108133e-05,0,NORMAL,LOW,True
66.43,233060,1383741685,0,12,11,121.02052727972388,48,0,0,1.0,3.0,66.43,7,1,4,2.925898e-05,0,NORMAL,LOW,True
5.9,233060,1383747846,0,14,11,61.185344609438886,48,0,0,1.0,4.0,5.9,12,1,4,5.144334e-05,0,NORMAL,LOW,True
33.75,233060,1383772431,0,21,11,80.3425917360768,48,0,0,1.0,4.0,33.75,7,1,4,0.00020202405,0,NORMAL,LOW,True
87.18,233060,1383948372,0,22,11,84.72806206203505,48,1,1,1.0,1.0,87.18,12,1,6,0.0003880491,0,NORMAL,LOW,True
48.07,233060,1383988717,0,9,11,45.86793020550281,48,0,0,1.0,2.0,48.07,2,1,0,7.638855e-06,0,NORMAL,LOW,True
76.14,233060,1384014177,0,16,11,120.70816614402337,48,0,0,1.0,3.0,76.14,0,1,0,1.4126466e-06,0,NORMAL,LOW,True
87.81,233060,1384059518,0,4,11,55.11292387630584,48,0,1,1.0,3.0,87.81,4,1,1,1.7843879e-05,0,NORMAL,LOW,True
69.27,233060,1384169781,0,11,11,104.03935273832988,48,0,0,1.0,1.0,69.27,2,1,2,6.129748e-06,0,NORMAL,LOW,True
3.94,233060,1384172295,0,12,11,82.59433416497484,48,0,0,2.0,2.0,73.21,12,1,2,1.0583144e-06,0,NORMAL,LOW,True
2.23,233060,1384517067,0,12,11,50.60814546758365,48,1,0,1.0,1.0,2.23,9,1,6,5.2665735e-05,0,NORMAL,LOW,True
79.32,233060,1384556192,0,22,11,88.14577304752086,48,1,1,1.0,2.0,79.32,6,1,6,0.00031111613,0,NORMAL,LOW,True
9.68,233060,1384624567,0,17,11,77.20666461193424,48,0,0,1.0,2.0,9.68,5,1,0,9.389253e-05,0,NORMAL,LOW,True
67.52,233060,1384947786,0,11,11,74.22988124330368,48,0,0,1.0,1.0,67.52,2,1,4,9.2763985e-06,0,NORMAL,LOW,True
3.05,233060,1384954008,0,13,11,17.593796496341383,48,0,0,1.0,2.0,3.05,12,1,4,3.2430896e-06,0,NORMAL,LOW,True
24.06,233060,1384988577,0,23,11,104.84373119893438,48,0,1,1.0,3.0,24.06,5,1,4,0.0073698987,0,NORMAL,LOW,True
45.57,233060,1385001007,0,2,11,102.67559092575712,48,1,1,1.0,4.0,45.57,3,1,5,0.0016742853,0,NORMAL,LOW,True
75.69,233060,1385133812,0,15,11,88.38139482676684,48,1,0,1.0,1.0,75.69,6,1,6,8.915627e-06,0,NORMAL,LOW,True
6.94,233060,1385226643,0,17,11,53.23751416398144,48,0,0,1.0,1.0,6.94,13,1,0,2.638898e-05,0,NORMAL,LOW,True
72.62,233060,1385251804,0,0,11,62.03901406498998,48,0,1,1.0,2.0,72.62,4,1,1,9.929883e-05,0,NORMAL,LOW,True
56.35,233060,1385261740,0,2,11,50.93495798672463,48,0,1,1.0,3.0,56.35,4,1,1,0.00011844933,0,NORMAL,LOW,True
41.07,233060,1385310000,0,16,11,38.76837390293688,48,0,0,1.0,4.0,41.07,9,1,1,0.00011196623,0,NORMAL,LOW,True
5.49,233060,1385407652,0,19,11,74.98674168368889,48,0,0,1.0,1.0,5.49,0,1,2,4.5931392e-06,0,NORMAL,LOW,True
40.01,233060,1385637678,0,11,11,34.94603571382015,48,1,0,1.0,1.0,40.01,8,1,5,6.409446e-05,0,NORMAL,LOW,True
6.15,233060,1385679242,0,22,11,83.26452151707737,48,1,1,1.0,2.0,6.15,9,1,5,0.03138056,0,NORMAL,LOW,True
57.53,233060,1385708962,0,7,11,67.4846481142164,48,1,0,1.0,3.0,57.53,8,1,6,3.3393768e-05,0,NORMAL,LOW,True
57.37,233060,1385770280,0,0,11,76.50372415168344,48,0,1,1.0,2.0,57.37,2,1,0,5.0549086e-05,0,NORMAL,LOW,True
76.45,233060,1385927501,0,19,12,48.22381882182133,48,0,0,1.0,1.0,76.45,6,1,1,6.9654043e-06,0,NORMAL,LOW,True
1.84,233060,1386087077,0,16,12,111.83239872484572,48,0,0,1.0,1.0,1.84,12,1,3,6.076307e-06,0,NORMAL,LOW,True
229.01,233060,1386098800,0,19,12,40.58271489903717,48,0,0,1.0,2.0,229.01,6,1,3,0.0012939157,0,NORMAL,LOW,True
88.77,233060,1386175434,0,16,12,103.6882278779135,48,0,0,1.0,2.0,88.77,5,1,4,1.400717e-05,0,NORMAL,LOW,True
52.9,233060,1386212953,0,3,12,72.69186188527941,48,1,1,1.0,2.0,52.9,3,1,5,0.00021980914,0,NORMAL,LOW,True
46.65,233060,1386256168,0,15,12,116.30063461694424,48,1,0,1.0,3.0,46.65,6,1,5,2.1052427e-05,0,NORMAL,LOW,True
9.25,233060,1386269250,0,18,12,114.1749505986774,48,1,0,1.0,3.0,9.25,1,1,5,8.010007e-05,0,NORMAL,LOW,True
28.13,233060,1386332643,0,12,12,92.37039742773077,48,1,0,1.0,3.0,28.13,6,1,6,7.487657e-05,0,NORMAL,LOW,True
8.62,233060,1386365615,0,21,12,95.42605348056377,48,1,0,1.0,2.0,8.62,8,1,6,0.00053856586,0,NORMAL,LOW,True
8.28,233060,1386365760,0,21,12,107.68050342399826,48,1,0,2.0,3.0,16.9,11,1,6,0.0001047881,0,NORMAL,LOW,True
39.83,233060,1386366186,0,21,12,73.69785416400124,48,1,0,3.0,4.0,56.73,6,1,6,1.02204385e-05,0,NORMAL,LOW,True
2.83,233060,1386373348,0,23,12,71.85675100042292,48,1,1,1.0,5.0,2.83,12,1,6,3.5947345e-05,0,NORMAL,LOW,True
29.43,233060,1386414200,0,11,12,51.50342237160089,48,0,0,1.0,6.0,29.43,4,1,0,4.21898e-05,0,NORMAL,LOW,True
146.44,233060,1386445211,0,19,12,111.13142491948118,48,0,0,1.0,6.0,146.44,6,1,0,2.8246115e-05,0,NORMAL,LOW,True
7.94,233060,1386446123,0,19,12,118.54964753786253,48,0,0,2.0,7.0,154.38,9,1,0,0.00026986995,0,NORMAL,LOW,True
1.53,233060,1386661318,0,7,12,94.81548386746312,48,0,0,1.0,1.0,1.53,8,1,3,3.87759e-06,0,NORMAL,LOW,True
52.52,233060,1386693414,0,16,12,120.02080199854504,48,0,0,1.0,2.0,52.52,6,1,3,4.7893586e-06,0,NORMAL,LOW,True
1.56,233060,1386716180,0,22,12,88.64303506519441,48,0,1,1.0,3.0,1.56,12,1,3,3.7135145e-05,0,NORMAL,LOW,True
4.15,233060,1386760016,0,11,12,58.40830930663824,48,0,0,1.0,3.0,4.15,8,1,4,6.9754683e-06,0,NORMAL,LOW,True
4.84,233060,1386805978,0,23,12,84.14488587529509,48,0,1,1.0,2.0,4.84,11,1,4,0.00010707691,0,NORMAL,LOW,True
3.23,233060,1386854633,0,13,12,67.71412464646315,48,1,0,1.0,2.0,3.23,10,1,5,3.672049e-06,0,NORMAL,LOW,True
9.91,233060,1386977915,0,23,12,124.96783767360488,48,1,1,1.0,1.0,9.91,6,1,6,0.0005292315,0,NORMAL,LOW,True
71.43,233060,1387000486,0,5,12,30.03982422327176,48,0,1,1.0,2.0,71.43,2,1,0,1.33075055e-05,0,NORMAL,LOW,True
11.43,233060,1387048528,0,19,12,96.09991336599676,48,0,0,1.0,3.0,11.43,6,1,0,5.6009343e-05,0,NORMAL,LOW,True
148.99,233060,1387139446,0,20,12,97.69285120969283,48,0,0,1.0,1.0,148.99,12,1,1,3.3349817e-05,0,NORMAL,LOW,True
